name,gender,race
hariom urf kalu yadav,m,indian
mohd.  amjad,m,indian
neeraj,m,indian
parveen kumar,m,indian
parveen aggarwal,m,indian
harish kumar,m,indian
raghunandan das,m,indian
numesh kumar,m,indian
rohitash,m,indian
surender @ pale ram,m,indian
sahil alam,m,indian
mohd israr,m,indian
vinod kumar,m,indian
ganesh,m,indian
jasvinder kaur @ roji,m,indian
kanhiya,m,indian
raj tilak,m,indian
anshu,m,indian
sumit,m,indian
ajit singh,m,indian
moh. imran,m,indian
naved,m,indian
suraj hajara,m,indian
rajesh rawat,m,indian
shoukat,m,indian
hitesh,m,indian
itwari lal,m,indian
ramu,m,indian
shri puran singh rawat,m,indian
lala,m,indian
bhura singh,m,indian
naveen lal,m,indian
balwan,m,indian
shahir,m,indian
prem kumar,m,indian
narayan rawat,m,indian
satish,m,indian
abhi,m,indian
sunder lal tiwari,m,indian
budh rai,m,indian
ram jatan,m,indian
aayush kashyap,m,indian
chunni lal,m,indian
rudhra pratap,m,indian
rijwan aalam,m,indian
sanjay,m,indian
deepak mittal,m,indian
राधेश्‍याम,m,indian
rahul,m,indian
prakash meena,m,indian
kamlesh,m,indian
jatan singh,m,indian
ravi sharma,m,indian
karamvir naagar,m,indian
alok,m,indian
kirorimal,m,indian
mohsin,m,indian
jaspreet,m,indian
nitin,m,indian
raja,m,indian
anuj kumar,m,indian
kishan agrawal,m,indian
parvez,m,indian
chetanya swaroop,m,indian
rajendra pal,m,indian
madan kumar chaudhari,m,indian
karan sabharwal,m,indian
mukesh,m,indian
sandeep gupta,m,indian
vikas,m,indian
sarafraj,m,indian
ajay kumar,m,indian
raja,m,indian
varun mandal,m,indian
pari mohmad,m,indian
mohit nautiyal,m,indian
anjan jha,m,indian
shakil,m,indian
inder lal,m,indian
vahab,m,indian
रामकिशो&,m,indian
amit kumar,m,indian
ravinder,m,indian
naveen sharma,m,indian
bhojpal,m,indian
piyush,m,indian
kapil,m,indian
devi lal,m,indian
iqbal,m,indian
anil sharma,m,indian
roshan,m,indian
prashanat chabra @ deepak chabra,m,indian
om parkash,m,indian
manikchand,m,indian
aslam baks,m,indian
mohd. aklim,m,indian
ajay kumar,m,indian
sanjeev s/o,m,indian
surindera rajpal,m,indian
shri ram mehto,m,indian
shivnath shah,m,indian
mukesh,m,indian
vishal,m,indian
shivam,m,indian
azruddin,m,indian
mohd. habib,m,indian
tauseek,m,indian
vikash,m,indian
jaswant,m,indian
om prakash,m,indian
ravi lakra,m,indian
jitender rai,m,indian
mohd.kudtusu,m,indian
babu ra/,m,indian
manver singh,m,indian
virendra  singh,m,indian
sarjeet,m,indian
sunny,m,indian
devender yadav s/o vishav nath yadav,m,indian
veeri singh jatav,m,indian
raju kumar mandal,m,indian
mho aamir,m,indian
sanu,m,indian
shishram,m,indian
riyaz,m,indian
ravikant,m,indian
rohit kumar,m,indian
lal man gupta,m,indian
sanju,m,indian
suresh singh,m,indian
mudasar,m,indian
firoz,m,indian
sanjeev kumar,m,indian
abdul kadir,m,indian
amit kumar,m,indian
piyush,m,indian
surendar,m,indian
hasan,m,indian
jai bhagwan,m,indian
bablu ram,m,indian
shayam kishor singh,m,indian
salman,m,indian
sohaib,m,indian
sunil @ anurag,m,indian
sanjeev,m,indian
harish chand dua,m,indian
ram chandra mishra,m,indian
one day male baby,m,indian
umesh chand,m,indian
surya dev singh,m,indian
abhishek,m,indian
ravinder,m,indian
gourav jain,m,indian
mandeep,m,indian
deepak,m,indian
mahaveer,m,indian
mannu,m,indian
gutam,m,indian
rohit,m,indian
anil kumar sain,m,indian
deepak @ pankaj,m,indian
istikar,m,indian
shiv lal nehara,m,indian
prabhash yadav,m,indian
sunny,m,indian
yogesh,m,indian
vishvnath sarkar,m,indian
chander shekhar,m,indian
mahesh,m,indian
versha,m,indian
govinda,m,indian
pardeep,m,indian
manish garg,m,indian
deepak kumar,m,indian
tanveer,m,indian
bablu khan,m,indian
afridi,m,indian
warnakulasuriya erancis fernando,m,indian
ankit,m,indian
nand ram,m,indian
lala,m,indian
ajay kumar s/o,m,indian
karan pandey @ kumar pandey,m,indian
sahid khan,m,indian
karishan lal,m,indian
km.deyji,m,indian
sanni,m,indian
suresh kumar,m,indian
saurabh ujjwal,m,indian
subhash,m,indian
arun kumar,m,indian
shivaji rai,m,indian
mohd asraf ansari,m,indian
bhanu pratap,m,indian
mobin,m,indian
anmol,m,indian
patan dev mehto,m,indian
sanjeev,m,indian
fazaley,m,indian
vikash kumar,m,indian
prem singh chauhan,m,indian
deepak,m,indian
mukesh kumar,m,indian
vicky,m,indian
kanhaiya sharma,m,indian
aashik,m,indian
rajbir singh,m,indian
narendra kumar,m,indian
yogesh @ pongu,m,indian
gulam  nabi azad,m,indian
irsad,m,indian
umar daraj,m,indian
sandeep singh,m,indian
manoj singh bisht,m,indian
sonu,m,indian
ashok kumar sani,m,indian
varun,m,indian
ashu @ chavikant,m,indian
shripal,m,indian
arjun singh @ shubham,m,indian
daya nand,m,indian
shafibul,m,indian
rajesh arora@kamal,m,indian
gulshan,m,indian
anjani kumar,m,indian
manish saini,m,indian
dalip,m,indian
mo. aasif,m,indian
vimlesh kumar,m,indian
sundar singh,m,indian
harichand,m,indian
mantu gupta,m,indian
daks,m,indian
chhabeel sharma,m,indian
salman,m,indian
omjone ibanuil,m,indian
somender,m,indian
kundan,m,indian
subhash chand,m,indian
ramesh,m,indian
deepak,m,indian
mohan @ hemant kumar,m,indian
sahnawaz,m,indian
nitu,m,indian
pawan kumar,m,indian
kali ram,m,indian
narender,m,indian
sanjay kumar @ pappu,m,indian
praveen,m,indian
laxman,m,indian
sachin,m,indian
kulwinder singh,m,indian
dhannu,m,indian
ankit kumar,m,indian
raja ravidas,m,indian
kalusingh,m,indian
sandeep,m,indian
mahkar,m,indian
nikhil,m,indian
sheikh matin @ munna,m,indian
guddu,m,indian
mohd danish,m,indian
dharampal,m,indian
krishna pandey,m,indian
manohar,m,indian
ram parvesh,m,indian
manoj mahto,m,indian
shivam arora,m,indian
shardanand,m,indian
yash,m,indian
ratan singh,m,indian
karamvir,m,indian
vikash kumar,m,indian
upender khandelwal,m,indian
modh danish,m,indian
boby farman,m,indian
anurudh choudhary,m,indian
aashif,m,indian
yasib,m,indian
avdhesh,m,indian
amit,m,indian
vinay,m,indian
heera parsad chouchan,m,indian
sukka singh,m,indian
amit,m,indian
ajit,m,indian
mohan singh,m,indian
girish chand,m,indian
muksndi lal,m,indian
reenu,m,indian
kaushal,m,indian
aakash @ sani,m,indian
dheeraj,m,indian
satyam,m,indian
rana gandhi,m,indian
laxmi narayan @ tushar,m,indian
radheshyam,m,indian
raj kumar  (chotu),m,indian
padam bahadur s/o karan,m,indian
gafur,m,indian
saurabh @ monu,m,indian
brij raj,m,indian
pawan kumar,m,indian
adarsh,m,indian
satpal,m,indian
rahul,m,indian
kundan singh,m,indian
chander aggarwal,m,indian
suraj,m,indian
ram kumar,m,indian
anwar,m,indian
baudi,m,indian
megharaj kirad,m,indian
mahnatha sahni,m,indian
devesh kadyan,m,indian
deerendra singh,m,indian
sajid,m,indian
ramu yadav,m,indian
mohd sadique,m,indian
rahul bhiram,m,indian
jaquir,m,indian
amit,m,indian
vidya nand jaiswal,m,indian
asrf,m,indian
rakesh panday,m,indian
sagar,m,indian
ankur@ joni,m,indian
jitin @ chunni,m,indian
rajendra,m,indian
mukish kumar,m,indian
virender,m,indian
sanjeevan lal,m,indian
tarun @ arun,m,indian
aman,m,indian
joni,m,indian
javal singh,m,indian
sonu @ virendra,m,indian
naryan chamaar,m,indian
sh sardar singh yadav,m,indian
mahender pal,m,indian
sameer,m,indian
kapil,m,indian
aman,m,indian
aman,m,indian
devid rana singh,m,indian
gulfam,m,indian
,m,indian
manpreet singh,m,indian
vinod,m,indian
gaurav,m,indian
netram,m,indian
atul misra,m,indian
umardaraz,m,indian
mandeep singh,m,indian
santosh,m,indian
puskar singh dhami,m,indian
goldy,m,indian
kundan chohan,m,indian
ajeet kumar,m,indian
deepanshu,m,indian
chura mukhiya,m,indian
ashok kenoor,m,indian
man mohan mehta,m,indian
ajay,m,indian
swedesh mahaldar,m,indian
shivam,m,indian
tunni lal jaiswal,m,indian
roshan,m,indian
raghuveer,m,indian
rahul bhaskar,m,indian
krishna,m,indian
faizudeen,m,indian
ankur kumar,m,indian
manoj,m,indian
ziyabul,m,indian
omprakash,m,indian
mohmad shadi,m,indian
sher singh,m,indian
ashish dixit,m,indian
vikas kumar,m,indian
mohd. shokat,m,indian
mahesh balwani,m,indian
pabu dan,m,indian
ajay kumar,m,indian
jitendra kumar,m,indian
dauad beg,m,indian
mayak,m,indian
virender,m,indian
jugal kishor chouhan,m,indian
shekh nasir husain,m,indian
vishal,m,indian
dharmveer,m,indian
meenu kumar,m,indian
abhishek,m,indian
nitin shukla,m,indian
parvesh,m,indian
mukesh verma,m,indian
baljeet singh,m,indian
rajbir,m,indian
dinesh,m,indian
